symbol,bias,bias_emoji,category,score,confidence,pcr,prev_pcr,support,resistance,ce_net_contracts,pe_net_contracts,ce_net_lakhs,pe_net_lakhs,atm_ce_delta_contracts,atm_pe_delta_contracts,score_breakdown
MCX,Bullish,🟡,Short Covering,33.4,88,0.89,0.82,3000.0,3500.0,-175275,123525,-1.75,1.24,-256050,139500,+21.2 Strong Put Writing (ATM zone) | +2.4 Full-chain confirmation (Put-heavy) | +2.8 PCR improving | +8.0 Max Pain above spot | -5.0 Volume favors Calls | +4.0 ATM±5 zone raw flow: CE -2.56L vs PE +1.40L (institutional tilt Put-heavy)
APLAPOLLO,Bullish,🟢,Strong Bullish (Heavy Call Unwinding),159.7,90,0.57,0.41,2200.0,2300.0,-159250,155050,-1.59,1.55,-135800,264950,+135.7 Strong Put Writing (ATM zone) | +10.6 Full-chain confirmation (Put-heavy) | +6.4 PCR improving | +8.0 Max Pain above spot | -5.0 Volume favors Calls | +4.0 ATM±5 zone raw flow: CE -1.36L vs PE +2.65L (institutional tilt Put-heavy)
ASTRAL,Bullish,🟡,Short Covering,34.6,89,0.56,0.54,1500.0,1600.0,-67150,-3825,-0.67,-0.04,-124950,7225,"+14.5 Moderate Put Writing (ATM zone) | +1.0 Full-chain confirmation (Put-heavy) | +0.8 PCR improving | +8.0 Max Pain above spot | -5.0 Volume favors Calls | +14.0 Full-chain Dual Unwinding is Call-heavy (0.67L CE vs 0.04L PE unwound, 17.6x) — bullish | +1.3 ATM±5 zone raw flow: CE -1.25L vs PE +0.07L (institutional tilt Put-heavy)"
POLYCAB,Bullish,🟡,Short Covering,12.3,74,1.07,0.97,9000.0,9000.0,-20250,70125,-0.2,0.7,-33750,66375,+17.3 Moderate Put Writing (ATM zone) | +3.0 Full-chain confirmation (Put-heavy) | +4.0 PCR improving | -8.0 Max Pain below spot | -5.0 Volume favors Calls | +1.0 ATM±5 zone raw flow: CE -0.34L vs PE +0.66L (institutional tilt Put-heavy)
DIXON,Neutral,⚪,Neutral / Mixed Positioning,-0.6,65,0.62,0.64,13500.0,15000.0,-29100,-44200,-0.29,-0.44,-29600,-8550,"+1.6 Call/Put roughly balanced (ATM zone) | -0.8 Full-chain confirmation (Call-heavy) | -0.8 PCR weakening | +8.0 Max Pain above spot | -5.0 Volume favors Calls | -3.8 Full-chain Dual Unwinding is Put-heavy (0.44L PE vs 0.29L CE unwound, 1.5x) — bearish | +0.2 ATM±5 zone raw flow: CE -0.30L vs PE -0.09L (institutional tilt Put-heavy)"
BAJAJ-AUTO,Bullish,🟢,Long Build-Up,50.0,90,0.94,0.86,11500.0,13000.0,57450,107025,0.57,1.07,-3300,99225,"+40.8 Strong Put Writing (ATM zone) | +3.2 Full-chain confirmation (Put-heavy) | +3.2 PCR improving | -5.0 Volume favors Calls | +6.8 Full-chain Dual Build-Up is Put-heavy (+1.07L PE vs +0.57L CE, 1.9x) | +1.0 ATM±5 zone raw flow: CE -0.03L vs PE +0.99L (institutional tilt Put-heavy)"
MFSL,Bullish Lean,🟩,Bullish Lean (Fresh Put Writing),10.0,75,0.56,0.54,1600.0,1600.0,-9600,17200,-0.1,0.17,400,18000,+4.8 Moderate Put Writing (ATM zone) | +1.2 Full-chain confirmation (Put-heavy) | +0.8 PCR improving | +8.0 Max Pain above spot | -5.0 Volume favors Calls | +0.2 ATM±5 zone raw flow: CE +0.00L vs PE +0.18L (institutional tilt Put-heavy)
GRASIM,Bullish,🟢,Bullish OI Bias (Fresh Put Writing),18.5,83,0.55,0.52,3040.0,3300.0,-13000,36750,-0.13,0.37,750,33250,+12.4 Moderate Put Writing (ATM zone) | +1.6 Full-chain confirmation (Put-heavy) | +1.2 PCR improving | +8.0 Max Pain above spot | -5.0 Volume favors Calls | +0.3 ATM±5 zone raw flow: CE +0.01L vs PE +0.33L (institutional tilt Put-heavy)
BOSCHLTD,Neutral,⚪,Neutral / Mixed Positioning,-4.5,59,0.69,0.73,48000.0,51000.0,8225,2225,0.08,0.02,2075,950,-4.2 Moderate Call Writing (ATM zone) | -1.7 Full-chain confirmation (Call-heavy) | -1.6 PCR weakening | +8.0 Max Pain above spot | -5.0 Volume favors Calls
FORCEMOT,Bearish Lean,🟧,Bearish Lean (Fresh Call Writing),-7.8,75,0.43,0.46,17000.0,19000.0,4200,-600,0.04,-0.01,3875,-450,-7.8 Moderate Call Writing (ATM zone) | -1.8 Full-chain confirmation (Call-heavy) | -1.2 PCR weakening | +8.0 Max Pain above spot | -5.0 Volume favors Calls
HDFCAMC,Neutral,⚪,Neutral / Mixed Positioning,2.0,59,0.75,0.76,2600.0,2600.0,12900,4200,0.13,0.04,4200,1800,-0.4 Call/Put roughly balanced (ATM zone) | -0.2 Full-chain confirmation (Call-heavy) | -0.4 PCR weakening | +8.0 Max Pain above spot | -5.0 Volume favors Calls
PAGEIND,Bearish,🔴,Bearish OI Bias (Fresh Call Writing),-14.1,80,0.51,0.57,36000.0,40000.0,9120,500,0.09,0.01,4620,960,-11.4 Moderate Call Writing (ATM zone) | -3.3 Full-chain confirmation (Call-heavy) | -2.4 PCR weakening | +8.0 Max Pain above spot | -5.0 Volume favors Calls
PHOENIXLTD,Bullish Lean,🟩,Bullish Lean (Dual Build-Up),11.0,75,1.1,1.05,1900.0,2000.0,21700,36400,0.22,0.36,9100,28700,"+6.8 Moderate Put Writing (ATM zone) | +1.3 Full-chain confirmation (Put-heavy) | +2.0 PCR improving | -5.0 Volume favors Calls | +5.7 Full-chain Dual Build-Up is Put-heavy (+0.36L PE vs +0.22L CE, 1.7x) | +0.2 ATM±5 zone raw flow: CE +0.09L vs PE +0.29L (institutional tilt Put-heavy)"
TORNTPHARM,Bullish Lean,🟩,Bullish Lean (Dual Build-Up),9.7,69,0.68,0.68,4900.0,5000.0,30250,22000,0.3,0.22,17500,28250,"+9.9 Moderate Put Writing (ATM zone) | +0.2 Full-chain confirmation (Put-heavy) | +8.0 Max Pain above spot | -5.0 Volume favors Calls | -3.5 Full-chain Dual Build-Up is Call-heavy (+0.30L CE vs +0.22L PE, 1.4x) | +0.1 ATM±5 zone raw flow: CE +0.17L vs PE +0.28L (institutional tilt Put-heavy)"
LODHA,Neutral,⚪,Neutral / Mixed Positioning,2.4,65,1.04,1.05,1100.0,1300.0,38125,-5625,0.38,-0.06,21875,23750,+0.3 Call/Put roughly balanced (ATM zone) | -0.5 Full-chain confirmation (Call-heavy) | -0.4 PCR weakening | +8.0 Max Pain above spot | -5.0 Volume favors Calls
APOLLOHOSP,Neutral,⚪,Neutral / Mixed Positioning,0.3,65,0.85,0.85,8300.0,9300.0,28875,26875,0.29,0.27,23375,23375,-2.8 Call/Put roughly balanced (ATM zone) | +0.1 Full-chain confirmation (Put-heavy) | +8.0 Max Pain above spot | -5.0 Volume favors Calls
BRITANNIA,Bearish,🔴,Bearish OI Bias (Fresh Call Writing),-16.6,84,0.87,0.9,4900.0,5800.0,40875,16875,0.41,0.17,30625,12750,"-7.5 Moderate Call Writing (ATM zone) | -1.0 Full-chain confirmation (Call-heavy) | -1.2 PCR weakening | +8.0 Max Pain above spot | -5.0 Volume favors Calls | -9.7 Full-chain Dual Build-Up is Call-heavy (+0.41L CE vs +0.17L PE, 2.4x) | -0.2 ATM±5 zone raw flow: CE +0.31L vs PE +0.13L (institutional tilt Call-heavy)"
KEI,Bearish,🔴,Short Build-Up,-34.5,95,1.91,2.04,5400.0,5600.0,39725,24150,0.4,0.24,33775,19600,"-8.6 Moderate Call Writing (ATM zone) | -2.1 Full-chain confirmation (Call-heavy) | -5.2 PCR weakening | -8.0 Max Pain below spot | -5.0 Volume favors Calls | -5.5 Full-chain Dual Build-Up is Call-heavy (+0.40L CE vs +0.24L PE, 1.6x) | -0.1 ATM±5 zone raw flow: CE +0.34L vs PE +0.20L (institutional tilt Call-heavy)"
SIEMENS,Bearish Lean,🟧,Bearish Lean (Dual Build-Up),-9.6,75,0.7,0.72,4000.0,4200.0,51975,22400,0.52,0.22,46900,26075,"-1.8 Call/Put roughly balanced (ATM zone) | -0.5 Full-chain confirmation (Call-heavy) | -0.8 PCR weakening | +8.0 Max Pain above spot | -5.0 Volume favors Calls | -9.3 Full-chain Dual Build-Up is Call-heavy (+0.52L CE vs +0.22L PE, 2.3x) | -0.2 ATM±5 zone raw flow: CE +0.47L vs PE +0.26L (institutional tilt Call-heavy)"
PRESTIGE,Bearish,🔴,Bearish OI Bias (Dual Build-Up),-62.2,95,0.91,1.24,1600.0,1700.0,365400,44550,3.65,0.45,49500,48150,"-6.6 Moderate Call Writing (ATM zone) | -11.4 Full-chain confirmation (Call-heavy) | -13.2 PCR weakening | -8.0 Max Pain below spot | -5.0 Volume favors Calls | -18.0 Full-chain Dual Build-Up is Call-heavy (+3.65L CE vs +0.45L PE, 8.2x)"
MUTHOOTFIN,Bearish Lean,🟧,Bearish Lean (Put Unwinding),-11.7,75,0.65,0.69,3000.0,3200.0,36575,-98175,0.37,-0.98,57750,-94600,-9.9 Moderate Call Writing (ATM zone) | -1.7 Full-chain confirmation (Call-heavy) | -1.6 PCR weakening | +8.0 Max Pain above spot | -5.0 Volume favors Calls | -1.5 ATM±5 zone raw flow: CE +0.58L vs PE -0.95L (institutional tilt Call-heavy)
PETRONET,Bullish,🟢,Bullish OI Bias (Fresh Put Writing),13.9,83,0.66,0.64,290.0,300.0,146300,197600,1.46,1.98,58900,197600,"+4.7 Moderate Put Writing (ATM zone) | +0.7 Full-chain confirmation (Put-heavy) | +0.8 PCR improving | +8.0 Max Pain above spot | -5.0 Volume favors Calls | +3.3 Full-chain Dual Build-Up is Put-heavy (+1.98L PE vs +1.46L CE, 1.4x) | +1.4 ATM±5 zone raw flow: CE +0.59L vs PE +1.98L (institutional tilt Put-heavy)"
CAMS,Neutral,⚪,Neutral / Mixed Positioning,0.2,65,0.81,0.82,700.0,800.0,122925,71775,1.23,0.72,61875,112200,"+3.4 Call/Put roughly balanced (ATM zone) | -0.4 Full-chain confirmation (Call-heavy) | -0.4 PCR weakening | +8.0 Max Pain above spot | -5.0 Volume favors Calls | -5.9 Full-chain Dual Build-Up is Call-heavy (+1.23L CE vs +0.72L PE, 1.7x) | +0.5 ATM±5 zone raw flow: CE +0.62L vs PE +1.12L (institutional tilt Put-heavy)"
CIPLA,Bearish,🔴,Bearish OI Bias (Dual Build-Up),-16.0,83,0.69,0.71,1300.0,1480.0,156400,35275,1.56,0.35,65450,53125,"-0.9 Call/Put roughly balanced (ATM zone) | -0.8 Full-chain confirmation (Call-heavy) | -0.8 PCR weakening | +8.0 Max Pain above spot | -5.0 Volume favors Calls | -16.4 Full-chain Dual Build-Up is Call-heavy (+1.56L CE vs +0.35L PE, 4.4x) | -0.1 ATM±5 zone raw flow: CE +0.65L vs PE +0.53L (institutional tilt Call-heavy)"
KFINTECH,Bearish,🔴,Bearish OI Bias,-16.8,84,0.55,0.56,900.0,1000.0,100620,21850,1.01,0.22,66695,23000,"-1.6 Call/Put roughly balanced (ATM zone) | -0.6 Full-chain confirmation (Call-heavy) | -0.4 PCR weakening | +8.0 Max Pain above spot | -5.0 Volume favors Calls | -16.8 Full-chain Dual Build-Up is Call-heavy (+1.01L CE vs +0.22L PE, 4.6x) | -0.4 ATM±5 zone raw flow: CE +0.67L vs PE +0.23L (institutional tilt Call-heavy)"
EICHERMOT,Bearish Lean,🟧,Bearish Lean (Dual Build-Up),-8.7,75,0.71,0.73,7500.0,9000.0,82200,46600,0.82,0.47,74300,44100,"-3.8 Call/Put roughly balanced (ATM zone) | -0.6 Full-chain confirmation (Call-heavy) | -0.8 PCR weakening | +8.0 Max Pain above spot | -5.0 Volume favors Calls | -6.2 Full-chain Dual Build-Up is Call-heavy (+0.82L CE vs +0.47L PE, 1.8x) | -0.3 ATM±5 zone raw flow: CE +0.74L vs PE +0.44L (institutional tilt Call-heavy)"
NAM-INDIA,Bearish,🔴,Bearish OI Bias (Dual Build-Up),-34.4,89,0.79,0.84,1200.0,1300.0,102500,43750,1.02,0.44,80625,37500,"-23.9 Strong Call Writing (ATM zone) | -1.7 Full-chain confirmation (Call-heavy) | -2.0 PCR weakening | +8.0 Max Pain above spot | -5.0 Volume favors Calls | -9.4 Full-chain Dual Build-Up is Call-heavy (+1.02L CE vs +0.44L PE, 2.3x) | -0.4 ATM±5 zone raw flow: CE +0.81L vs PE +0.38L (institutional tilt Call-heavy)"
GLENMARK,Bullish,🟢,Bullish OI Bias (Dual Build-Up),120.1,91,0.68,0.54,2400.0,2400.0,106125,282750,1.06,2.83,93750,238875,"+91.0 Strong Put Writing (ATM zone) | +8.2 Full-chain confirmation (Put-heavy) | +5.6 PCR improving | +8.0 Max Pain above spot | -5.0 Volume favors Calls | +10.8 Full-chain Dual Build-Up is Put-heavy (+2.83L PE vs +1.06L CE, 2.7x) | +1.5 ATM±5 zone raw flow: CE +0.94L vs PE +2.39L (institutional tilt Put-heavy)"
MAZDOCK,Bearish Lean,🟧,Bearish Lean (Fresh Call Writing),-8.9,75,0.59,0.61,2400.0,2600.0,61650,-4275,0.62,-0.04,96075,-1800,-9.2 Moderate Call Writing (ATM zone) | -0.9 Full-chain confirmation (Call-heavy) | -0.8 PCR weakening | +8.0 Max Pain above spot | -5.0 Volume favors Calls | -1.0 ATM±5 zone raw flow: CE +0.96L vs PE -0.02L (institutional tilt Call-heavy)
AXISBANK,Bullish,🟢,Bullish OI Bias,12.1,82,0.89,0.88,1240.0,1300.0,106245,191250,1.06,1.91,98115,186875,"+1.0 Call/Put roughly balanced (ATM zone) | +0.3 Full-chain confirmation (Put-heavy) | +0.4 PCR improving | +8.0 Max Pain above spot | -5.0 Volume favors Calls | +6.5 Full-chain Dual Build-Up is Put-heavy (+1.91L PE vs +1.06L CE, 1.8x) | +0.9 ATM±5 zone raw flow: CE +0.98L vs PE +1.87L (institutional tilt Put-heavy)"
DIVISLAB,Bullish,🟢,Bullish OI Bias (Dual Build-Up),61.6,91,1.06,0.96,9000.0,9600.0,190900,314500,1.91,3.15,100500,294500,"+43.9 Strong Put Writing (ATM zone) | +3.3 Full-chain confirmation (Put-heavy) | +4.0 PCR improving | +8.0 Max Pain above spot | -5.0 Volume favors Calls | +5.5 Full-chain Dual Build-Up is Put-heavy (+3.15L PE vs +1.91L CE, 1.6x) | +1.9 ATM±5 zone raw flow: CE +1.00L vs PE +2.94L (institutional tilt Put-heavy)"
OIL,Neutral,⚪,Neutral / Mixed Positioning,0.2,65,0.56,0.62,490.0,500.0,530600,140000,5.31,1.4,107800,179200,"+17.4 Moderate Put Writing (ATM zone) | -3.8 Full-chain confirmation (Call-heavy) | -2.4 PCR weakening | +8.0 Max Pain above spot | -5.0 Volume favors Calls | -14.7 Full-chain Dual Build-Up is Call-heavy (+5.31L CE vs +1.40L PE, 3.8x) | +0.7 ATM±5 zone raw flow: CE +1.08L vs PE +1.79L (institutional tilt Put-heavy)"
INDIANB,Neutral,⚪,Neutral / Mixed Positioning,0.4,65,0.65,0.64,880.0,900.0,60000,63000,0.6,0.63,113000,54000,-2.8 Call/Put roughly balanced (ATM zone) | +0.4 Full-chain confirmation (Put-heavy) | +0.4 PCR improving | +8.0 Max Pain above spot | -5.0 Volume favors Calls | -0.6 ATM±5 zone raw flow: CE +1.13L vs PE +0.54L (institutional tilt Call-heavy)
360ONE,Bearish Lean,🟧,Bearish Lean (Dual Build-Up),-11.9,75,0.58,0.6,1200.0,1200.0,197000,88000,1.97,0.88,114000,76500,"-3.7 Call/Put roughly balanced (ATM zone) | -1.1 Full-chain confirmation (Call-heavy) | -0.8 PCR weakening | +8.0 Max Pain above spot | -5.0 Volume favors Calls | -8.9 Full-chain Dual Build-Up is Call-heavy (+1.97L CE vs +0.88L PE, 2.2x) | -0.4 ATM±5 zone raw flow: CE +1.14L vs PE +0.77L (institutional tilt Call-heavy)"
PIDILITIND,Bullish,🟢,Bullish OI Bias (Dual Build-Up),17.3,83,0.73,0.63,1620.0,1700.0,113500,141500,1.14,1.42,114500,142000,+4.5 Moderate Put Writing (ATM zone) | +5.5 Full-chain confirmation (Put-heavy) | +4.0 PCR improving | +8.0 Max Pain above spot | -5.0 Volume favors Calls | +0.3 ATM±5 zone raw flow: CE +1.15L vs PE +1.42L (institutional tilt Put-heavy)
BLUESTARCO,Bearish Lean,🟧,Bearish Lean (Dual Build-Up),-8.8,75,0.69,0.72,1500.0,1500.0,194025,99450,1.94,0.99,131950,97175,"-1.3 Call/Put roughly balanced (ATM zone) | -1.6 Full-chain confirmation (Call-heavy) | -1.2 PCR weakening | +8.0 Max Pain above spot | -5.0 Volume favors Calls | -7.4 Full-chain Dual Build-Up is Call-heavy (+1.94L CE vs +0.99L PE, 2.0x) | -0.3 ATM±5 zone raw flow: CE +1.32L vs PE +0.97L (institutional tilt Call-heavy)"
HAL,Bearish,🔴,Bearish OI Bias (Dual Build-Up),-26.1,86,0.72,0.76,4900.0,5000.0,190950,62400,1.91,0.62,133050,44400,"-12.9 Moderate Call Writing (ATM zone) | -1.4 Full-chain confirmation (Call-heavy) | -1.6 PCR weakening | +8.0 Max Pain above spot | -5.0 Volume favors Calls | -12.3 Full-chain Dual Build-Up is Call-heavy (+1.91L CE vs +0.62L PE, 3.1x) | -0.9 ATM±5 zone raw flow: CE +1.33L vs PE +0.44L (institutional tilt Call-heavy)"
PGEL,Bearish Lean,🟧,Bearish Lean (Fresh Call Writing),-11.4,75,0.61,0.66,600.0,600.0,256500,-10450,2.56,-0.1,134900,-5700,-8.6 Moderate Call Writing (ATM zone) | -2.4 Full-chain confirmation (Call-heavy) | -2.0 PCR weakening | +8.0 Max Pain above spot | -5.0 Volume favors Calls | -1.4 ATM±5 zone raw flow: CE +1.35L vs PE -0.06L (institutional tilt Call-heavy)
PIIND,Bearish,🔴,Bearish OI Bias (Dual Build-Up),-51.9,91,0.69,0.81,2500.0,2600.0,213850,36225,2.14,0.36,155575,36575,"-25.5 Strong Call Writing (ATM zone) | -5.4 Full-chain confirmation (Call-heavy) | -4.8 PCR weakening | +8.0 Max Pain above spot | -5.0 Volume favors Calls | -18.0 Full-chain Dual Build-Up is Call-heavy (+2.14L CE vs +0.36L PE, 5.9x) | -1.2 ATM±5 zone raw flow: CE +1.56L vs PE +0.37L (institutional tilt Call-heavy)"
UNITDSPR,Bearish,🔴,Bearish OI Bias (Dual Build-Up),-39.1,90,0.61,0.66,1680.0,1600.0,237200,73200,2.37,0.73,173200,65600,"-23.5 Strong Call Writing (ATM zone) | -2.6 Full-chain confirmation (Call-heavy) | -2.0 PCR weakening | +8.0 Max Pain above spot | -5.0 Volume favors Calls | -12.9 Full-chain Dual Build-Up is Call-heavy (+2.37L CE vs +0.73L PE, 3.2x) | -1.1 ATM±5 zone raw flow: CE +1.73L vs PE +0.66L (institutional tilt Call-heavy)"
ASIANPAINT,Bearish,🔴,Bearish OI Bias (Dual Build-Up),-32.2,88,0.79,0.82,2420.0,2900.0,206000,91000,2.06,0.91,174500,54000,"-22.7 Strong Call Writing (ATM zone) | -1.1 Full-chain confirmation (Call-heavy) | -1.2 PCR weakening | +8.0 Max Pain above spot | -5.0 Volume favors Calls | -9.0 Full-chain Dual Build-Up is Call-heavy (+2.06L CE vs +0.91L PE, 2.3x) | -1.2 ATM±5 zone raw flow: CE +1.75L vs PE +0.54L (institutional tilt Call-heavy)"
ICICIGI,Bullish,🟢,Bullish OI Bias (Dual Build-Up),15.5,77,0.6,0.54,1600.0,1700.0,383175,278850,3.83,2.79,202475,277550,"+8.9 Moderate Put Writing (ATM zone) | +3.9 Full-chain confirmation (Put-heavy) | +2.4 PCR improving | +8.0 Max Pain above spot | -5.0 Volume favors Calls | -3.5 Full-chain Dual Build-Up is Call-heavy (+3.83L CE vs +2.79L PE, 1.4x) | +0.8 ATM±5 zone raw flow: CE +2.02L vs PE +2.78L (institutional tilt Put-heavy)"
TRENT,Bearish,🔴,Bearish OI Bias (Fresh Call Writing),-20.2,84,0.5,0.55,2900.0,3000.0,245250,-5850,2.45,-0.06,225000,-3825,-16.0 Moderate Call Writing (ATM zone) | -2.9 Full-chain confirmation (Call-heavy) | -2.0 PCR weakening | +8.0 Max Pain above spot | -5.0 Volume favors Calls | -2.3 ATM±5 zone raw flow: CE +2.25L vs PE -0.04L (institutional tilt Call-heavy)
LUPIN,Bearish,🔴,Short Build-Up,-52.5,91,0.69,0.82,2200.0,2300.0,549950,16150,5.5,0.16,249475,16150,"-24.3 Strong Call Writing (ATM zone) | -5.7 Full-chain confirmation (Call-heavy) | -5.2 PCR weakening | +8.0 Max Pain above spot | -5.0 Volume favors Calls | -18.0 Full-chain Dual Build-Up is Call-heavy (+5.50L CE vs +0.16L PE, 34.1x) | -2.3 ATM±5 zone raw flow: CE +2.49L vs PE +0.16L (institutional tilt Call-heavy)"
INDUSINDBK,Neutral,⚪,Neutral / Mixed Positioning,-1.0,65,0.8,0.8,1000.0,1000.0,292600,238000,2.93,2.38,258300,209300,-3.6 Call/Put roughly balanced (ATM zone) | +0.1 Full-chain confirmation (Put-heavy) | +8.0 Max Pain above spot | -5.0 Volume favors Calls | -0.5 ATM±5 zone raw flow: CE +2.58L vs PE +2.09L (institutional tilt Call-heavy)
PAYTM,Bearish,🟠,Long Unwinding,-34.2,88,0.67,0.85,1600.0,1700.0,1729850,-400200,17.3,-4.0,269700,-342925,-16.1 Moderate Call Writing (ATM zone) | -7.9 Full-chain confirmation (Call-heavy) | -7.2 PCR weakening | +8.0 Max Pain above spot | -5.0 Volume favors Calls | -6.0 ATM±5 zone raw flow: CE +2.70L vs PE -3.43L (institutional tilt Call-heavy)
DRREDDY,Bearish,🔴,Bearish OI Bias (Dual Build-Up),-17.8,84,0.69,0.7,1080.0,1200.0,406255,192500,4.06,1.93,291880,114375,"-9.7 Moderate Call Writing (ATM zone) | -0.7 Full-chain confirmation (Call-heavy) | -0.4 PCR weakening | +8.0 Max Pain above spot | -5.0 Volume favors Calls | -8.2 Full-chain Dual Build-Up is Call-heavy (+4.06L CE vs +1.93L PE, 2.1x) | -1.8 ATM±5 zone raw flow: CE +2.92L vs PE +1.14L (institutional tilt Call-heavy)"
JSWENERGY,Bearish,🔴,Bearish OI Bias (Dual Build-Up),-18.2,84,0.77,0.8,600.0,560.0,307450,119325,3.07,1.19,296700,119325,"-6.5 Moderate Call Writing (ATM zone) | -1.3 Full-chain confirmation (Call-heavy) | -1.2 PCR weakening | +8.0 Max Pain above spot | -5.0 Volume favors Calls | -10.4 Full-chain Dual Build-Up is Call-heavy (+3.07L CE vs +1.19L PE, 2.6x) | -1.8 ATM±5 zone raw flow: CE +2.97L vs PE +1.19L (institutional tilt Call-heavy)"
RBLBANK,Bearish,🔴,Short Build-Up,-27.4,87,0.59,0.61,370.0,400.0,358770,47625,3.59,0.48,323845,6350,"-7.3 Moderate Call Writing (ATM zone) | -1.1 Full-chain confirmation (Call-heavy) | -0.8 PCR weakening | +8.0 Max Pain above spot | -5.0 Volume favors Calls | -18.0 Full-chain Dual Build-Up is Call-heavy (+3.59L CE vs +0.48L PE, 7.5x) | -3.2 ATM±5 zone raw flow: CE +3.24L vs PE +0.06L (institutional tilt Call-heavy)"
JSWSTEEL,Bearish,🔴,Bearish OI Bias (Dual Build-Up),-33.7,89,0.76,0.87,1300.0,1400.0,960525,143105,9.61,1.43,348975,126905,"-7.6 Moderate Call Writing (ATM zone) | -4.5 Full-chain confirmation (Call-heavy) | -4.4 PCR weakening | +8.0 Max Pain above spot | -5.0 Volume favors Calls | -18.0 Full-chain Dual Build-Up is Call-heavy (+9.61L CE vs +1.43L PE, 6.7x) | -2.2 ATM±5 zone raw flow: CE +3.49L vs PE +1.27L (institutional tilt Call-heavy)"
INDIGO,Bearish,🔴,Bearish OI Bias (Dual Build-Up),-39.9,91,0.62,0.69,5200.0,5300.0,377550,108300,3.78,1.08,362100,102750,"-20.0 Strong Call Writing (ATM zone) | -3.8 Full-chain confirmation (Call-heavy) | -2.8 PCR weakening | +8.0 Max Pain above spot | -5.0 Volume favors Calls | -13.7 Full-chain Dual Build-Up is Call-heavy (+3.78L CE vs +1.08L PE, 3.5x) | -2.6 ATM±5 zone raw flow: CE +3.62L vs PE +1.03L (institutional tilt Call-heavy)"
POWERGRID,Bearish Lean,🟧,Bearish Lean (Fresh Call Writing),-10.5,75,0.68,0.71,270.0,290.0,817000,-119700,8.17,-1.2,385700,-119700,-6.1 Moderate Call Writing (ATM zone) | -1.1 Full-chain confirmation (Call-heavy) | -1.2 PCR weakening | +8.0 Max Pain above spot | -5.0 Volume favors Calls | -5.1 ATM±5 zone raw flow: CE +3.86L vs PE -1.20L (institutional tilt Call-heavy)
BAJFINANCE,Bullish,🟢,Bullish OI Bias (Dual Build-Up),70.6,95,0.82,0.71,1000.0,1100.0,492000,1645500,4.92,16.45,396750,1617000,"+34.2 Strong Put Writing (ATM zone) | +4.7 Full-chain confirmation (Put-heavy) | +4.4 PCR improving | +8.0 Max Pain above spot | +13.3 Full-chain Dual Build-Up is Put-heavy (+16.45L PE vs +4.92L CE, 3.3x) | +6.0 ATM±5 zone raw flow: CE +3.97L vs PE +16.17L (institutional tilt Put-heavy)"
LT,Bearish,🔴,Short Build-Up,-42.4,91,0.7,0.77,4100.0,4100.0,414400,13825,4.14,0.14,436625,11025,"-17.4 Moderate Call Writing (ATM zone) | -2.9 Full-chain confirmation (Call-heavy) | -2.8 PCR weakening | +8.0 Max Pain above spot | -5.0 Volume favors Calls | -18.0 Full-chain Dual Build-Up is Call-heavy (+4.14L CE vs +0.14L PE, 30.0x) | -4.3 ATM±5 zone raw flow: CE +4.37L vs PE +0.11L (institutional tilt Call-heavy)"
NYKAA,Bearish Lean,🟧,Bearish Lean (Dual Build-Up),-8.1,68,0.45,0.45,330.0,340.0,574995,237500,5.75,2.38,484370,253125,"+1.2 Call/Put roughly balanced (ATM zone) | -0.3 Full-chain confirmation (Call-heavy) | +8.0 Max Pain above spot | -5.0 Volume favors Calls | -9.7 Full-chain Dual Build-Up is Call-heavy (+5.75L CE vs +2.38L PE, 2.4x) | -2.3 ATM±5 zone raw flow: CE +4.84L vs PE +2.53L (institutional tilt Call-heavy)"
ADANIPORTS,Bearish,🔴,Short Build-Up,-40.1,91,0.68,0.75,1700.0,1740.0,684000,92625,6.84,0.93,529625,87400,"-14.9 Moderate Call Writing (ATM zone) | -3.0 Full-chain confirmation (Call-heavy) | -2.8 PCR weakening | +8.0 Max Pain above spot | -5.0 Volume favors Calls | -18.0 Full-chain Dual Build-Up is Call-heavy (+6.84L CE vs +0.93L PE, 7.4x) | -4.4 ATM±5 zone raw flow: CE +5.30L vs PE +0.87L (institutional tilt Call-heavy)"
DLF,Bearish Lean,🟧,Bearish Lean (Dual Build-Up),-7.6,74,0.65,0.65,650.0,700.0,560500,339150,5.61,3.39,538650,300200,"-2.5 Call/Put roughly balanced (ATM zone) | -0.2 Full-chain confirmation (Call-heavy) | +8.0 Max Pain above spot | -5.0 Volume favors Calls | -5.5 Full-chain Dual Build-Up is Call-heavy (+5.61L CE vs +3.39L PE, 1.7x) | -2.4 ATM±5 zone raw flow: CE +5.39L vs PE +3.00L (institutional tilt Call-heavy)"
BHEL,Bearish,🟠,Long Unwinding,-21.5,84,0.71,0.78,400.0,450.0,931885,-884630,9.32,-8.85,540755,-861000,-12.9 Moderate Call Writing (ATM zone) | -2.8 Full-chain confirmation (Call-heavy) | -2.8 PCR weakening | +8.0 Max Pain above spot | -5.0 Volume favors Calls | -6.0 ATM±5 zone raw flow: CE +5.41L vs PE -8.61L (institutional tilt Call-heavy)
AMBUJACEM,Bearish,🔴,Short Build-Up,-31.9,88,0.68,0.74,410.0,410.0,1065600,138000,10.66,1.38,559200,140400,"-7.5 Moderate Call Writing (ATM zone) | -2.8 Full-chain confirmation (Call-heavy) | -2.4 PCR weakening | +8.0 Max Pain above spot | -5.0 Volume favors Calls | -18.0 Full-chain Dual Build-Up is Call-heavy (+10.66L CE vs +1.38L PE, 7.7x) | -4.2 ATM±5 zone raw flow: CE +5.59L vs PE +1.40L (institutional tilt Call-heavy)"
BPCL,Bearish,🔴,Bearish OI Bias (Dual Build-Up),-26.0,86,0.71,0.75,320.0,320.0,570775,156025,5.71,1.56,576700,159975,"-7.5 Moderate Call Writing (ATM zone) | -1.4 Full-chain confirmation (Call-heavy) | -1.6 PCR weakening | +8.0 Max Pain above spot | -5.0 Volume favors Calls | -14.3 Full-chain Dual Build-Up is Call-heavy (+5.71L CE vs +1.56L PE, 3.7x) | -4.2 ATM±5 zone raw flow: CE +5.77L vs PE +1.60L (institutional tilt Call-heavy)"
M&M,Bearish,🔴,Bearish OI Bias (Dual Build-Up),-46.9,91,0.63,0.7,3200.0,3400.0,629800,171200,6.3,1.71,610000,160000,"-24.9 Strong Call Writing (ATM zone) | -3.4 Full-chain confirmation (Call-heavy) | -2.8 PCR weakening | +8.0 Max Pain above spot | -5.0 Volume favors Calls | -14.3 Full-chain Dual Build-Up is Call-heavy (+6.30L CE vs +1.71L PE, 3.7x) | -4.5 ATM±5 zone raw flow: CE +6.10L vs PE +1.60L (institutional tilt Call-heavy)"
GAIL,Bullish,🟢,Bullish OI Bias (Dual Build-Up),15.6,77,0.69,0.66,190.0,175.0,351450,706450,3.51,7.06,624800,621250,"+2.7 Call/Put roughly balanced (ATM zone) | +1.0 Full-chain confirmation (Put-heavy) | +1.2 PCR improving | +8.0 Max Pain above spot | -5.0 Volume favors Calls | +7.7 Full-chain Dual Build-Up is Put-heavy (+7.06L PE vs +3.51L CE, 2.0x)"
MOTHERSON,Bearish,🔴,Short Build-Up,-43.3,95,1.06,1.08,162.5,170.0,578100,116850,5.78,1.17,676500,110700,"-5.7 Moderate Call Writing (ATM zone) | -0.5 Full-chain confirmation (Call-heavy) | -0.8 PCR weakening | -8.0 Max Pain below spot | -5.0 Volume favors Calls | -17.6 Full-chain Dual Build-Up is Call-heavy (+5.78L CE vs +1.17L PE, 4.9x) | -5.7 ATM±5 zone raw flow: CE +6.76L vs PE +1.11L (institutional tilt Call-heavy)"
DABUR,Bearish Lean,🟧,Bearish Lean (Dual Build-Up),-5.9,64,0.75,0.73,400.0,400.0,670000,641250,6.7,6.41,710000,608750,-9.3 Moderate Call Writing (ATM zone) | +0.6 Full-chain confirmation (Put-heavy) | +0.8 PCR improving | +8.0 Max Pain above spot | -5.0 Volume favors Calls | -1.0 ATM±5 zone raw flow: CE +7.10L vs PE +6.09L (institutional tilt Call-heavy)
BIOCON,Bearish,🔴,Short Build-Up,-37.2,90,0.83,0.91,420.0,420.0,1365000,70000,13.65,0.7,717500,15000,"-10.1 Moderate Call Writing (ATM zone) | -2.9 Full-chain confirmation (Call-heavy) | -3.2 PCR weakening | +8.0 Max Pain above spot | -5.0 Volume favors Calls | -18.0 Full-chain Dual Build-Up is Call-heavy (+13.65L CE vs +0.70L PE, 19.5x) | -6.0 ATM±5 zone raw flow: CE +7.17L vs PE +0.15L (institutional tilt Call-heavy)"
PATANJALI,Bearish,🔴,Short Build-Up,-58.2,91,0.7,0.83,350.0,350.0,923420,75250,9.23,0.75,744970,60200,"-26.6 Strong Call Writing (ATM zone) | -5.4 Full-chain confirmation (Call-heavy) | -5.2 PCR weakening | +8.0 Max Pain above spot | -5.0 Volume favors Calls | -18.0 Full-chain Dual Build-Up is Call-heavy (+9.23L CE vs +0.75L PE, 12.3x) | -6.0 ATM±5 zone raw flow: CE +7.45L vs PE +0.60L (institutional tilt Call-heavy)"
TVSMOTOR,Bearish,🔴,Bearish OI Bias (Dual Build-Up),-82.0,91,0.62,0.71,4200.0,4500.0,1015175,515025,10.15,5.15,787850,350000,"-62.5 Strong Call Writing (ATM zone) | -7.0 Full-chain confirmation (Call-heavy) | -3.6 PCR weakening | +8.0 Max Pain above spot | -5.0 Volume favors Calls | -7.5 Full-chain Dual Build-Up is Call-heavy (+10.15L CE vs +5.15L PE, 2.0x) | -4.4 ATM±5 zone raw flow: CE +7.88L vs PE +3.50L (institutional tilt Call-heavy)"
ICICIBANK,Bearish,🟠,Long Unwinding,-34.9,88,0.8,0.9,1400.0,1470.0,1099700,-767900,11.0,-7.68,804300,-848400,-24.1 Strong Call Writing (ATM zone) | -3.8 Full-chain confirmation (Call-heavy) | -4.0 PCR weakening | +8.0 Max Pain above spot | -5.0 Volume favors Calls | -6.0 ATM±5 zone raw flow: CE +8.04L vs PE -8.48L (institutional tilt Call-heavy)
KALYANKJIL,Bearish,🔴,Short Build-Up,-37.0,90,0.57,0.61,600.0,600.0,1780650,324000,17.81,3.24,972000,27000,"-12.1 Moderate Call Writing (ATM zone) | -2.3 Full-chain confirmation (Call-heavy) | -1.6 PCR weakening | +8.0 Max Pain above spot | -5.0 Volume favors Calls | -18.0 Full-chain Dual Build-Up is Call-heavy (+17.81L CE vs +3.24L PE, 5.5x) | -6.0 ATM±5 zone raw flow: CE +9.72L vs PE +0.27L (institutional tilt Call-heavy)"
CANBK,Neutral,⚪,Neutral / Mixed Positioning,0.0,65,0.89,0.9,130.0,130.0,1606450,1086750,16.06,10.87,1019200,1174500,"+0.3 Call/Put roughly balanced (ATM zone) | -0.2 Full-chain confirmation (Call-heavy) | -0.4 PCR weakening | +8.0 Max Pain above spot | -5.0 Volume favors Calls | -4.3 Full-chain Dual Build-Up is Call-heavy (+16.06L CE vs +10.87L PE, 1.5x) | +1.6 ATM±5 zone raw flow: CE +10.19L vs PE +11.74L (institutional tilt Put-heavy)"
MANAPPURAM,Bearish,🔴,Short Build-Up,-47.2,91,0.79,0.88,340.0,370.0,1437000,42000,14.37,0.42,1122000,24000,"-19.0 Moderate Call Writing (ATM zone) | -3.6 Full-chain confirmation (Call-heavy) | -3.6 PCR weakening | +8.0 Max Pain above spot | -5.0 Volume favors Calls | -18.0 Full-chain Dual Build-Up is Call-heavy (+14.37L CE vs +0.42L PE, 34.2x) | -6.0 ATM±5 zone raw flow: CE +11.22L vs PE +0.24L (institutional tilt Call-heavy)"
BANKBARODA,Bearish,🔴,Bearish OI Bias (Fresh Call Writing),-14.9,83,0.92,0.94,235.0,250.0,1091030,526505,10.91,5.27,1123205,473855,"-2.7 Call/Put roughly balanced (ATM zone) | -0.4 Full-chain confirmation (Call-heavy) | -0.8 PCR weakening | +8.0 Max Pain above spot | -5.0 Volume favors Calls | -8.0 Full-chain Dual Build-Up is Call-heavy (+10.91L CE vs +5.27L PE, 2.1x) | -6.0 ATM±5 zone raw flow: CE +11.23L vs PE +4.74L (institutional tilt Call-heavy)"
FEDERALBNK,Bearish,🔴,Bearish OI Bias (Dual Build-Up),-25.9,86,0.7,0.73,350.0,360.0,1475000,502500,14.75,5.03,1227500,440000,"-8.4 Moderate Call Writing (ATM zone) | -1.5 Full-chain confirmation (Call-heavy) | -1.2 PCR weakening | +8.0 Max Pain above spot | -5.0 Volume favors Calls | -11.8 Full-chain Dual Build-Up is Call-heavy (+14.75L CE vs +5.03L PE, 2.9x) | -6.0 ATM±5 zone raw flow: CE +12.28L vs PE +4.40L (institutional tilt Call-heavy)"
HINDALCO,Bearish,🔴,Bearish OI Bias (Dual Build-Up),-25.3,86,0.78,0.82,1000.0,1100.0,1296400,655200,12.96,6.55,1233400,650300,"-11.7 Moderate Call Writing (ATM zone) | -1.7 Full-chain confirmation (Call-heavy) | -1.6 PCR weakening | +8.0 Max Pain above spot | -5.0 Volume favors Calls | -7.5 Full-chain Dual Build-Up is Call-heavy (+12.96L CE vs +6.55L PE, 2.0x) | -5.8 ATM±5 zone raw flow: CE +12.33L vs PE +6.50L (institutional tilt Call-heavy)"
NTPC,Bearish,🔴,Bearish OI Bias (Dual Build-Up),-18.2,78,0.51,0.51,340.0,340.0,1549500,586500,15.49,5.87,1707000,594000,"-4.1 Moderate Call Writing (ATM zone) | -0.4 Full-chain confirmation (Call-heavy) | +8.0 Max Pain above spot | -5.0 Volume favors Calls | -10.7 Full-chain Dual Build-Up is Call-heavy (+15.49L CE vs +5.87L PE, 2.6x) | -6.0 ATM±5 zone raw flow: CE +17.07L vs PE +5.94L (institutional tilt Call-heavy)"
PNB,Bearish,🔴,Short Build-Up,-41.2,91,0.71,0.8,115.0,120.0,5720000,152000,57.2,1.52,1712000,32000,"-13.1 Moderate Call Writing (ATM zone) | -3.5 Full-chain confirmation (Call-heavy) | -3.6 PCR weakening | +8.0 Max Pain above spot | -5.0 Volume favors Calls | -18.0 Full-chain Dual Build-Up is Call-heavy (+57.20L CE vs +1.52L PE, 37.6x) | -6.0 ATM±5 zone raw flow: CE +17.12L vs PE +0.32L (institutional tilt Call-heavy)"
IRFC,Bearish,🔴,Bearish OI Bias (Dual Build-Up),-25.7,86,0.84,0.88,80.0,90.0,3466575,1643780,34.67,16.44,1757700,1095845,"-11.4 Moderate Call Writing (ATM zone) | -1.5 Full-chain confirmation (Call-heavy) | -1.6 PCR weakening | +8.0 Max Pain above spot | -5.0 Volume favors Calls | -8.2 Full-chain Dual Build-Up is Call-heavy (+34.67L CE vs +16.44L PE, 2.1x) | -6.0 ATM±5 zone raw flow: CE +17.58L vs PE +10.96L (institutional tilt Call-heavy)"
JIOFIN,Bearish,🔴,Bearish OI Bias (Dual Build-Up),-24.8,86,0.77,0.83,230.0,250.0,7548150,2535650,75.48,25.36,2227800,1795400,"-6.7 Moderate Call Writing (ATM zone) | -2.4 Full-chain confirmation (Call-heavy) | -2.4 PCR weakening | +8.0 Max Pain above spot | -5.0 Volume favors Calls | -12.0 Full-chain Dual Build-Up is Call-heavy (+75.48L CE vs +25.36L PE, 3.0x) | -4.3 ATM±5 zone raw flow: CE +22.28L vs PE +17.95L (institutional tilt Call-heavy)"
VBL,Bearish,🔴,Short Build-Up,-27.9,86,0.56,0.63,430.0,430.0,3144140,-211650,31.44,-2.12,2432700,-224400,-18.2 Moderate Call Writing (ATM zone) | -3.9 Full-chain confirmation (Call-heavy) | -2.8 PCR weakening | +8.0 Max Pain above spot | -5.0 Volume favors Calls | -6.0 ATM±5 zone raw flow: CE +24.33L vs PE -2.24L (institutional tilt Call-heavy)
NATIONALUM,Bearish,🔴,Short Build-Up,-60.2,91,0.61,0.71,380.0,420.0,3419995,354370,34.2,3.54,3243750,350620,"-30.1 Strong Call Writing (ATM zone) | -5.1 Full-chain confirmation (Call-heavy) | -4.0 PCR weakening | +8.0 Max Pain above spot | -5.0 Volume favors Calls | -18.0 Full-chain Dual Build-Up is Call-heavy (+34.20L CE vs +3.54L PE, 9.7x) | -6.0 ATM±5 zone raw flow: CE +32.44L vs PE +3.51L (institutional tilt Call-heavy)"
RELIANCE,Bearish,🔴,Bearish OI Bias (Dual Build-Up),-17.8,77,0.74,0.74,1300.0,1300.0,3405500,2359500,34.05,23.59,3682000,1759000,"-10.7 Moderate Call Writing (ATM zone) | -0.1 Full-chain confirmation (Call-heavy) | +8.0 Max Pain above spot | -5.0 Volume favors Calls | -4.0 Full-chain Dual Build-Up is Call-heavy (+34.05L CE vs +23.59L PE, 1.4x) | -6.0 ATM±5 zone raw flow: CE +36.82L vs PE +17.59L (institutional tilt Call-heavy)"
ONGC,Bearish,🔴,Short Build-Up,-55.6,91,0.55,0.62,225.0,237.5,4932000,346500,49.32,3.46,4704750,456750,"-27.9 Strong Call Writing (ATM zone) | -3.9 Full-chain confirmation (Call-heavy) | -2.8 PCR weakening | +8.0 Max Pain above spot | -5.0 Volume favors Calls | -18.0 Full-chain Dual Build-Up is Call-heavy (+49.32L CE vs +3.46L PE, 14.2x) | -6.0 ATM±5 zone raw flow: CE +47.05L vs PE +4.57L (institutional tilt Call-heavy)"
ITC,Bearish,🔴,Short Build-Up,-46.2,91,0.66,0.72,270.0,270.0,7115685,312230,71.16,3.12,4968055,489905,"-19.8 Strong Call Writing (ATM zone) | -3.0 Full-chain confirmation (Call-heavy) | -2.4 PCR weakening | +8.0 Max Pain above spot | -5.0 Volume favors Calls | -18.0 Full-chain Dual Build-Up is Call-heavy (+71.16L CE vs +3.12L PE, 22.8x) | -6.0 ATM±5 zone raw flow: CE +49.68L vs PE +4.90L (institutional tilt Call-heavy)"
COALINDIA,Bearish,🔴,Bearish OI Bias (Dual Build-Up),-48.0,91,0.63,0.69,400.0,400.0,5694300,1973700,56.94,19.74,5448600,1971000,"-27.6 Strong Call Writing (ATM zone) | -3.3 Full-chain confirmation (Call-heavy) | -2.4 PCR weakening | +8.0 Max Pain above spot | -5.0 Volume favors Calls | -11.7 Full-chain Dual Build-Up is Call-heavy (+56.94L CE vs +19.74L PE, 2.9x) | -6.0 ATM±5 zone raw flow: CE +54.49L vs PE +19.71L (institutional tilt Call-heavy)"
BANKINDIA,Bearish,🔴,Short Build-Up,-109.1,91,0.77,1.23,140.0,155.0,11310000,270400,113.1,2.7,6323200,270400,"-51.2 Strong Call Writing (ATM zone) | -18.5 Full-chain confirmation (Call-heavy) | -18.4 PCR weakening | +8.0 Max Pain above spot | -5.0 Volume favors Calls | -18.0 Full-chain Dual Build-Up is Call-heavy (+113.10L CE vs +2.70L PE, 41.8x) | -6.0 ATM±5 zone raw flow: CE +63.23L vs PE +2.70L (institutional tilt Call-heavy)"
TATASTEEL,Bearish,🔴,Bearish OI Bias (Dual Build-Up),-48.3,91,0.71,0.81,185.0,190.0,15672250,3418250,156.72,34.18,10051250,3093750,"-19.8 Strong Call Writing (ATM zone) | -4.7 Full-chain confirmation (Call-heavy) | -4.0 PCR weakening | +8.0 Max Pain above spot | -5.0 Volume favors Calls | -16.8 Full-chain Dual Build-Up is Call-heavy (+156.72L CE vs +34.18L PE, 4.6x) | -6.0 ATM±5 zone raw flow: CE +100.51L vs PE +30.94L (institutional tilt Call-heavy)"
YESBANK,Neutral,⚪,Neutral / Mixed Positioning,-3.8,65,0.71,0.71,23.0,23.0,20494900,15829900,204.95,158.3,20588200,15829900,-1.1 Call/Put roughly balanced (ATM zone) | +0.3 Full-chain confirmation (Put-heavy) | +8.0 Max Pain above spot | -5.0 Volume favors Calls | -6.0 ATM±5 zone raw flow: CE +205.88L vs PE +158.30L (institutional tilt Call-heavy)
